<?xml version="1.0" encoding="UTF-8"?>
<project-private xmlns="http://www.netbeans.org/ns/project-private/1">
    <editor-bookmarks xmlns="http://www.netbeans.org/ns/editor-bookmarks/2" lastBookmarkId="0"/>
    <open-files xmlns="http://www.netbeans.org/ns/projectui-open-files/2">
        <group>
            <file>file:/C:/Users/asusa/OneDrive/Documents/NetBeansProjects/ScreenTime/src/screentime/ScreenTimee.java</file>
            <file>file:/C:/Users/asusa/OneDrive/Documents/NetBeansProjects/ScreenTime/src/screentime/ProjectManagement.java</file>
            <file>file:/C:/Users/asusa/OneDrive/Documents/NetBeansProjects/ScreenTime/src/screentime/ManagementEmployees.java</file>
            <file>file:/C:/Users/asusa/OneDrive/Documents/NetBeansProjects/ScreenTime/src/screentime/MainLayer.java</file>
            <file>file:/C:/Users/asusa/OneDrive/Documents/NetBeansProjects/ScreenTime/src/screentime/ActivityManager.java</file>
            <file>file:/C:/Users/asusa/OneDrive/Documents/NetBeansProjects/ScreenTime/src/screentime/Employee.java</file>
            <file>file:/C:/Users/asusa/OneDrive/Documents/NetBeansProjects/ScreenTime/src/screentime/Tracker.java</file>
            <file>file:/C:/Users/asusa/OneDrive/Documents/NetBeansProjects/ScreenTime/src/screentime/Project.java</file>
            <file>file:/C:/Users/asusa/OneDrive/Documents/NetBeansProjects/ScreenTime/src/screentime/activityManager_1.java</file>
            <file>file:/C:/Users/asusa/OneDrive/Documents/NetBeansProjects/ScreenTime/src/screentime/Activity.java</file>
        </group>
    </open-files>
</project-private>
